spectrum_id,intensity_w_cm2,a0_value,a0_sigma,fit_min_ev,fit_max_ev,window_mode,n_points_fit,slope,intercept,r2,temperature_k,qfls_effective_ev,qfls_ev,mu_e_ev,mu_h_ev,carrier_density_cm3,mu_e_fd_ev,mu_h_fd_ev,carrier_density_fd_cm3,temperature_err_chi2_k,temperature_err_range_k,temperature_err_a0_k,temperature_err_total_k,qfls_effective_err_chi2_ev,qfls_effective_err_range_ev,qfls_effective_err_a0_ev,qfls_effective_err_total_ev,qfls_err_chi2_ev,qfls_err_range_ev,qfls_err_a0_ev,qfls_err_total_ev,mu_e_err_chi2_ev,mu_e_err_range_ev,mu_e_err_a0_ev,mu_e_err_total_ev,mu_h_err_chi2_ev,mu_h_err_range_ev,mu_h_err_a0_ev,mu_h_err_total_ev,carrier_density_err_chi2_cm3,carrier_density_err_range_cm3,carrier_density_err_a0_cm3,carrier_density_err_total_cm3,fit_range_samples,laser_wavelength_nm,laser_photon_energy_ev,absorptivity_at_laser,absorptivity_at_laser_sigma,plqy_eta,plqy_eta_sigma,active_layer_thickness_nm,active_layer_thickness_cm,absorbed_power_w_cm2,absorbed_power_err_w_cm2,absorbed_power_w_cm3,absorbed_power_err_w_cm3,absorbed_photon_flux_cm2_s,absorbed_photon_flux_err_cm2_s,radiative_photon_flux_cm2_s,radiative_photon_flux_err_cm2_s,nonradiative_photon_flux_cm2_s,nonradiative_photon_flux_err_cm2_s,recombination_energy_nonrad_ev,recombination_energy_rad_ev,recombination_energy_avg_ev,thermalized_energy_per_pair_ev,nonradiative_power_w_cm2,radiative_power_w_cm2,recombination_power_w_cm2,recombination_power_err_w_cm2,thermalized_power_w_cm2,thermalized_power_err_w_cm2,nonradiative_power_w_cm3,radiative_power_w_cm3,recombination_power_w_cm3,recombination_power_err_w_cm3,thermalized_power_w_cm3,thermalized_power_err_w_cm3,thermalized_power_per_carrier_ev_s,thermalized_power_per_carrier_err_ev_s,power_balance_closure_w_cm2,power_balance_closure_w_cm3,carrier_balance_closure_cm2_s,thermalized_fraction,recombination_fraction,radiative_fraction,nonradiative_fraction
0,94.5839419,0.507,0.027712812921102045,1.4655342489162535,1.7030796354164155,auto_peak_offset|aicc,60,-2.4231023594965077e+20,42.84759243629107,0.9998300099522199,298.913105657861,1.1036827889742002,1.1211789929294846,0.5994185588816904,0.5217604340477943,5472147464667602.0,0.5994730243196994,0.5217059686097852,5451626377039020.0,0.5117756564577348,0.9221038544326491,0.0,1.054604115724139,0.0008215803222298647,0.0014904420234463677,0.0,0.001701884734971858,0.0007919536669183674,0.001436503813577277,0.0014079605826833668,0.002161732365339797,0.0003304058996624142,0.0005985667200427196,0.0007039802913416834,0.0009813452132007116,0.00046180780672751547,0.0008379647782364239,0.0007039802913416834,0.0011878719082951742,18905712188576.887,28151790286934.793,149554949386650.75,153351335617791.5,2071,532.0,2.3305300457368467,0.625,0.0,0.002275833278438858,2.8593332387764e-05,950.0,9.499999999999999e-05,59.1149636875,0.0,622262.7756578948,0.0,1.5831874082331047e+20,0.0,3.603070589662265e+17,4526860379573178.0,1.5795843376434423e+20,4526860379573178.0,1.501275015436298,1.4497583384787658,1.5011577720684832,0.8293722736683635,37.99386450597239,0.08369100435765633,38.07755551033004,0.006905152316202808,21.037408177169958,0.006905152316202808,399935.415852341,880.9579406069089,400816.37379294785,72.68581385476641,221446.40186494694,72.68581385476641,252580862.57196808,7078805.824603113,0.0,0.0,0.0,0.3558728089283825,0.6441271910716175,0.0014157329910591317,0.6427114580805584
1,133.106541,0.507,0.027712812921102045,1.4690070788899887,1.7030796354164155,auto_peak_offset|aicc,59,-2.4090446898662352e+20,43.70925792595468,0.9998617251504306,300.6573745397016,1.1324477753791289,1.150046076176378,0.6140786824916842,0.5359673936846938,9970136985113872.0,0.6141774297565896,0.5358686464197884,9914170998677768.0,0.46831283249611627,0.44023857664123867,0.0,0.6427494950940368,0.0007058539988919425,0.0007165561274693758,0.0,0.0010058243144633434,0.0006787712981520316,0.0006907886030071634,0.001416176555100594,0.0017156559691430472,0.00027947501839429027,0.0002882092788080564,0.000708088277550297,0.0008139778148707098,0.00039957547276051395,0.0004025799880236586,0.000708088277550297,0.0009072597279682726,31285813896905.22,33891799871192.766,272485964400440.84,276362184542203.75,2096,532.0,2.3305300457368467,0.625,0.0,0.005220441508036231,4.7075800254086e-05,950.0,9.499999999999999e-05,83.191588125,0.0,875700.927631579,0.0,2.2279955289605397e+20,0.0,1.163112033910474e+18,1.0488467248834304e+16,2.2163644086214348e+20,1.0488467248834304e+16,1.5017259438239061,1.4499086479413017,1.5014554346616462,0.8290746110752005,53.326397409464526,0.2701920603451322,53.59658946980966,0.005911444383276414,29.594998655190338,0.005911444383276414,561330.4990469951,2844.126951001392,564174.6259979964,62.22573035027805,311526.3016335825,62.22573035027805,195021817.8027369,5405949.288064611,0.0,1.1641532182693481e-10,0.0,0.35574508579788383,0.6442549142021161,0.003247829094681467,0.6410070851074346
2,172.255523,0.507,0.027712812921102045,1.462077800215979,1.7220027424765978,auto_peak_offset|aicc,65,-2.394420855799215e+20,44.130197825509995,0.9998158948381684,302.49362798931793,1.150336748523403,1.1680425302716708,0.6233154403981619,0.5447270898735089,1.4673145058755602e+16,0.6234600274762033,0.5445825027954675,1.4562870923276634e+16,0.5171528473361113,0.5530877137939322,0.0,0.7572008232019072,0.0007545251363869182,0.00084042444694094,0.0,0.001129434120458419,0.0007247266177214488,0.000808109117815751,0.0014248257994058453,0.0017912000377912649,0.0002965204759403547,0.00033237194057007,0.0007124128997029227,0.0008401950006952762,0.00042862089049727124,0.000475786634593342,0.0007124128997029227,0.0009579253254254523,54128422274138.98,56859792989763.61,401020181632660.3,408631996096020.5,2086,532.0,2.3305300457368467,0.625,0.0,0.008951394399349034,7.6163026503577e-05,950.0,9.499999999999999e-05,107.65970187500001,0.0,1133260.0197368423,0.0,2.8832883207652393e+20,0.0,2.5809450926206444e+18,2.1959996479189692e+16,2.8574788698390328e+20,2.1959996479189692e+16,1.5022006520617794,1.450066884020593,1.5017339821425186,0.8287960635943281,68.77353810297558,0.5996214959613748,69.37315959893695,0.00899072329496501,38.28654227606306,0.00899072329496501,723931.980031322,6311.805220646052,730243.785251968,94.63919257857906,403016.23448487435,94.63919257857906,171430833.30941173,4774342.084655753,0.0,0.0,0.0,0.3556255647123773,0.6443744352876227,0.005569600189470845,0.6388048350981519
3,255.564558,0.507,0.027712812921102045,1.4586376171566475,1.7267994074974242,auto_peak_offset|aicc,67,-2.3747230615548264e+20,44.60557731587221,0.9998086578853429,305.0027446694208,1.1723729814890245,1.190225628718771,0.6347329259769235,0.5554927027418474,2.3589509176854496e+16,0.6349635296073415,0.5552620991114294,2.332901725156594e+16,0.5233520229898515,0.32518310461290484,0.0,0.6161504617325686,0.0007212038078028128,0.000489714119715172,0.0,0.0008717538938471582,0.0006911323980007295,0.0004706850548387383,0.0014366444092829972,0.0016622742165896928,0.00027919800550906893,0.00019311446109800075,0.0007183222046414986,0.0007945007936096957,0.00041246100595747614,0.0002775746992382691,0.0007183222046414986,0.000873589482980245,87628163097362.84,61779987405926.39,644706324762841.9,653560790593274.0,2105,532.0,2.3305300457368467,0.625,0.0,0.01581675576847506,0.00012769412906463802,950.0,9.499999999999999e-05,159.72784875,0.0,1681345.7763157894,0.0,4.2777514035525616e+20,0.0,6.766014918824226e+18,5.462437398316772e+16,4.210091254364319e+20,5.462437398316772e+16,1.502849308900561,1.4502831029668537,1.5020178820596324,0.8285121636772144,101.37184223474588,1.5721577897473757,102.94400002449326,0.010811766022112933,56.78384872550673,0.010811766022112933,1067072.023523641,16549.029365761853,1083621.052889403,113.80806339066247,597724.7234263867,113.80806339066247,158150992.3468788,4381766.810690466,0.0,-2.3283064365386963e-10,0.0,0.35550374696639575,0.6444962530336042,0.00984272812819296,0.6346535249054113
4,409.02857,0.507,0.027712812921102045,1.4655342489162535,1.73162286952954,auto_peak_offset|aicc,66,-2.378341048037609e+20,45.625419787840244,0.999849268073512,304.53876755884784,1.1973533899473925,1.215178879324226,0.6471492802649466,0.5680295990592794,3.760614918122745e+16,0.6475149374736988,0.5676639418505272,3.697975383708336e+16,0.46739919199031865,0.35725707592570766,0.0,0.5882980732351497,0.0006163143229619939,0.0005116084404014416,0.0,0.000800990974342468,0.0005894991143388883,0.0004907155133666898,0.0014344589531400946,0.0016266479056971253,0.00023561595343146114,0.00019900200399147993,0.0007172294765700473,0.0007807270951907494,0.00035441851028121855,0.00029173012109829684,0.0007172294765700473,0.0008515498024466503,129676188147519.06,110392243675552.14,1027784130180253.9,1041797763237459.8,2102,532.0,2.3305300457368467,0.625,0.0,0.024383899659946563,0.00020188965203115898,950.0,9.499999999999999e-05,255.64285625,0.0,2690977.4342105263,0.0,6.846499190277382e+20,0.0,1.6694434927762907e+19,1.3822373391567123e+17,6.679554840999753e+20,1.3822373391567123e+17,1.5027293615389266,1.4502431205129755,1.5014495423042218,0.829080503432625,160.81949191825862,3.879028151045571,164.69852006930418,0.016452775578751307,90.94433618069581,0.016452775578751307,1692836.7570343015,40831.87527416391,1733668.6323084652,173.18711135527693,957308.8019020613,173.18711135527693,158884961.7475738,4401661.186661478,0.0,-4.656612873077393e-10,0.0,0.3557476141314855,0.6442523858685145,0.015173622325875461,0.629078763542639
5,610.097744,0.507,0.027712812921102045,1.4724964068683497,1.7364733537579138,auto_peak_offset|aicc,65,-2.3799110296285987e+20,46.39488099705653,0.9999251254492533,304.3378691837163,1.2167432611833626,1.2345569914272607,0.6568122394495157,0.577744751977745,5.4217231088737816e+16,0.6573358201124373,0.5772211713148234,5.296053485921451e+16,0.3317944330883749,0.3465345329524161,0.0,0.4797642424743483,0.00042340599010369756,0.00045740869485202956,0.0,0.000623293948776923,0.0004043917443943838,0.00043715467285169394,0.0014335126681229563,0.0015522871707900575,0.0001602922924692788,0.00017364873790073519,0.0007167563340614782,0.0007547099745046598,0.00024451586243092084,0.0002635354680078172,0.0007167563340614782,0.0008018594591919992,137703301644650.39,138339752969994.86,1481768609038796.2,1494569602684467.0,2191,532.0,2.3305300457368467,0.625,0.0,0.03198981972039804,0.000265069012107684,950.0,9.499999999999999e-05,381.31109000000004,0.0,4013800.9473684216,0.0,1.0212083009962014e+21,0.0,3.2668269445842465e+19,2.706906755012295e+17,9.88540031550359e+20,2.706906755012295e+17,1.5026774252914166,1.4502258084304722,1.5009995075239915,0.8295305382128553,237.99641588054976,7.5905308959619635,245.58694677651172,0.019990096348494926,135.7241432234883,0.019990096348494926,2505225.4303215765,79900.32522065226,2585125.755542229,210.4220668262624,1428675.191826193,210.4220668262624,164469652.82394218,4533887.9776995415,0.0,0.0,0.0,0.35594071817708817,0.6440592818229118,0.019906399512172497,0.6241528823107394
6,918.278535,0.507,0.027712812921102045,1.4795250293355018,1.73162286952954,auto_peak_offset|aicc,62,-2.3820340241040074e+20,47.13243147541871,0.9999352159520307,304.0666272079944,1.2349844535318073,1.2527823072388837,0.6658896627958313,0.5868926444430524,7.641801632323704e+16,0.6666210267938486,0.5861612804450351,7.399487847409206e+16,0.3159666460909814,0.28359258677696236,0.0,0.42456999036299353,0.00038604528885295757,0.00037141358097364323,0.0,0.0005357042217280245,0.00036793831956383395,0.00035483274352119586,0.0014322350459546505,0.0015207176298507742,0.00014408191229930333,0.00014063202120738943,0.0007161175229773252,0.0007438825643580308,0.00022427434173317336,0.000214219475649538,0.0007161175229773252,0.0007803930233046622,184092815344067.06,178759203323503.72,2088520914491460.2,2104225422264070.0,2192,532.0,2.3305300457368467,0.625,0.0,0.03891388650853306,0.000309748885381862,950.0,9.499999999999999e-05,573.924084375,0.0,6041306.15131579,0.0,1.5370547945652308e+21,0.0,5.981277583310799e+19,4.7610100938742714e+17,1.4772420187321228e+21,4.7610100938742714e+17,1.502607303816432,1.4502024346054772,1.5005680266834625,0.8299620190533843,355.6374941332904,13.897381562515607,369.53487569580597,0.0266303312987189,204.38920867919404,0.0266303312987189,3743552.5698241093,146288.2269738485,3889840.7967979577,280.31927682862005,2151465.3545178324,280.31927682862005,175722835.78797525,4838709.711127261,0.0,0.0,0.0,0.3561258609695265,0.6438741390304735,0.02421466870073901,0.6196594703297346
7,1242.7453,0.507,0.027712812921102045,1.4724964068683497,1.73162286952954,auto_peak_offset|aicc,64,-2.3686401554411582e+20,47.25398378851203,0.999916583125183,305.7860223893283,1.245170854436891,1.263069349060016,0.671256534578446,0.59181281448157,9.54157131683797e+16,0.6721602628022516,0.5909090862577644,9.174146707706606e+16,0.35470462971695926,0.33105902424084555,0.0,0.48519630241165884,0.0004154245077328616,0.00042659702755104095,0.0,0.0005954515476010403,0.00039515826486026594,0.00040723122797893703,0.001440333856597449,0.0015480791148353788,0.0001530040873170358,0.00016064611409593595,0.0007201669282987245,0.0007535634209043481,0.00024271557603942797,0.0002465974366919671,0.0007201669282987245,0.0007989753132922321,250627834292363.12,268733774693116.1,2607732090907497.0,2633495549821886.0,2195,532.0,2.3305300457368467,0.625,0.0,0.043531582830921504,0.00035237145327447804,950.0,9.499999999999999e-05,776.7158125000001,0.0,8175955.921052633,0.0,2.0801614640686403e+21,0.0,9.055272107479497e+19,7.329895181394327e+17,1.9896087429938453e+21,7.329895181394327e+17,1.5030518018550385,1.4503506006183462,1.5007576351481144,0.8297724105887323,479.1285201170362,21.041897373160676,500.1704174901969,0.041060051545539086,276.5453950098032,0.041060051545539086,5043458.106495119,221493.6565595861,5264951.763054704,432.2110689004115,2911004.1579979286,432.2110689004115,190419987.0714609,5255711.327010358,0.0,0.0,0.0,0.3560445024541111,0.6439554975458889,0.0270908574726109,0.616864640073278
8,1866.62349,0.507,0.027712812921102045,1.486621072641667,1.7220027424765978,auto_peak_offset|aicc,58,-2.3740963060241056e+20,47.8943732584578,0.9999534928200718,305.083264636796,1.2591450673241562,1.2770024276084493,0.6781317850328666,0.5988706425755826,1.2306906653636227e+17,0.6792855461701206,0.5977168814383287,1.1708401869384952e+17,0.27803180143185596,0.2212066576763142,0.0,0.3552943399602209,0.0003157349064841439,0.00026904112109805826,0.0,0.0004148152070672568,0.00029980488858908743,0.00025610749873190933,0.0014370236798403513,0.001490137939437331,0.00011484059777715828,9.93615250391188e-05,0.0007185118399201756,0.0007343843269442715,0.00018536972524166572,0.00015676161896505897,0.0007185118399201756,0.0007584163792549532,251851956400759.2,216793871757646.47,3363504309848620.5,3379880209880937.0,2207,532.0,2.3305300457368467,0.625,0.0,0.0478513104483624,0.000401587263379766,950.0,9.499999999999999e-05,1166.63968125,0.0,12280417.697368423,0.0,3.124436078594153e+21,0.0,1.4950836077287283e+20,1.2547337344076334e+18,2.9749277178212804e+21,1.2547337344076334e+18,1.502870124922355,1.450290041640785,1.5003540990338478,0.830175946702999,716.321956369712,34.74007394432385,751.0620303140358,0.04575055078441934,415.57765093596413,0.04575055078441934,7540231.1196811795,365684.9888876195,7905916.108568799,481.584745099151,4374501.588799623,481.584745099151,221855029.3031492,6092915.69869045,0.0,1.862645149230957e-09,0.0,0.35621765452953913,0.6437823454704609,0.02977789501133845,0.6140044504591224
9,2380.25814,0.507,0.027712812921102045,1.4830645628985055,1.7364733537579138,auto_peak_offset|aicc,62,-2.3705248539692365e+20,48.1908051884723,0.9999321879157768,305.54290556845245,1.2688470546334296,1.2867313189621898,0.6830559384511736,0.6036753805110162,1.4900222246933536e+17,0.6844375888834084,0.6022937300787814,1.404181917667703e+17,0.32483652143678315,0.24594835670802082,0.0,0.40744246198270195,0.0003641427658497725,0.0003015359704418328,0.0,0.0004727831378031794,0.00034560564439807534,0.0002871515964179641,0.001439188711422141,0.0015077013788711996,0.00013207305373674004,0.0001116618402676095,0.0007195943557110705,0.0007400862752858802,0.00021410145834356855,0.0001755024705222834,0.0007195943557110705,0.0007710101091396263,375205426948209.75,320852763929732.6,4072263141253772.5,4102079070440595.5,2211,532.0,2.3305300457368467,0.625,0.0,0.05071140193229505,0.000412283402639481,950.0,9.499999999999999e-05,1487.6613375,0.0,15659593.02631579,0.0,3.984180231752796e+21,0.0,2.0204336510312048e+20,1.6426113826759987e+18,3.7821368666496754e+21,1.6426113826759987e+18,1.502988951295025,1.450329650431675,1.50031852432347,0.8302115214133767,910.758897414751,46.94849908671556,957.7073965014665,0.06642586661882599,529.9539409985334,0.06642586661882599,9586935.762260538,494194.7272285849,10081130.489489121,699.2196486192211,5578462.536826668,699.2196486192211,233674531.6151818,6433201.628408789,0.0,0.0,0.0,0.3562329191730665,0.6437670808269336,0.03155859327877139,0.6122084875481622
10,3783.35768,0.507,0.027712812921102045,1.4760023506942268,1.7561501056418565,auto_peak_offset|aicc,68,-2.3753422210106157e+20,48.80601192268252,0.9998267149462146,304.9232423005691,1.2824390675548967,1.3002870612929291,0.6897533148397981,0.6105337464531311,1.912469045983262e+17,0.691499244435809,0.60878781685712,1.774704155237533e+17,0.49412490704455775,0.7049460253034359,0.0,0.8608764849575724,0.0005441559728417783,0.0007830698068928683,0.0,0.0009535743522382595,0.0005161555354702846,0.000741893641800396,0.0014362699318865417,0.0016969661251132393,0.00019674343954089856,0.0002796419184879406,0.0007181349659432708,0.0007953775285286491,0.00032053126308448593,0.00046235780800156414,0.0007181349659432708,0.0009122679773755571,786584372827533.1,1011649198583865.5,5226819621903675.0,5381616154696388.0,2211,532.0,2.3305300457368467,0.625,0.0,0.053627244131061215,0.000449113454737868,950.0,9.499999999999999e-05,2364.59855,0.0,24890511.052631583,0.0,6.332749639627793e+21,0.0,3.396079109452096e+20,2.8441230686432266e+18,5.993141728682583e+21,2.8441230686432266e+18,1.502828755948335,1.450276251982778,1.5000105099884757,0.830519535748371,1443.0269380191896,78.91125084551311,1521.9381888647026,0.2190471387239147,842.6603611352975,0.2190471387239147,15189757.24230726,830644.7457422434,16020401.988049503,2305.759354988576,8870109.06458208,2305.759354988576,289483724.37359834,8146310.977965739,0.0,0.0,1048576.0,0.35636508410076523,0.6436349158992348,0.03337194419133561,0.6102629717078992
11,7717.15161,0.507,0.027712812921102045,1.4724964068683497,1.766156658950357,auto_peak_offset|aicc,71,-2.3380969773711727e+20,48.91117316735766,0.9995835782066773,309.78058592691553,1.305675231272161,1.3238075386557273,0.7021445265206342,0.6216630121350931,3.1567942073747034e+17,0.7048833949573365,0.6189241436983908,2.814713634467652e+17,0.7611790387494061,1.033969485874456,0.0,1.2839339651052761,0.0007782566208582939,0.001128734170645039,0.0,0.0013710303409813782,0.0007354676660644013,0.0010682978666716,0.0014591493180124615,0.0019522524816266828,0.00027447292628353934,0.0004001008854446737,0.0007295746590062307,0.0008761822235473161,0.00046332989633551586,0.0006683035840956563,0.0007295746590062307,0.0010925124513786733,1986720274490121.0,2806467130087461.5,8627587469560508.0,9287549770862546.0,2208,532.0,2.3305300457368467,0.625,0.0,0.05763535936570895,0.000727146290775499,950.0,9.499999999999999e-05,4823.21975625,0.0,50770734.276315786,0.0,1.2917306057401515e+22,0.0,7.444935766551854e+20,9.392771186451397e+18,1.217281248074633e+22,9.392771186451397e+18,1.5040844764122447,1.4506948254707481,1.501007344693822,0.8295227010430248,2933.4153116086895,173.0403603303576,3106.455671939047,0.6654143360813838,1716.7640843109525,0.6654143360813838,30878055.91167042,1821477.4771616592,32699533.388832077,7004.3614324356195,18071200.887483712,7004.3614324356195,357297805.6730352,10512909.292522922,0.0,-7.450580596923828e-09,0.0,0.35593735534988724,0.6440626446501128,0.03587652420483834,0.6081861204452744
12,12750.0766,0.507,0.027712812921102045,1.4937855115459644,1.766156658950357,auto_peak_offset|aicc,65,-2.339591219499733e+20,49.68235980412857,0.9996156844956559,309.5827363204355,1.325414871510756,1.3435355982141786,0.7119828554705092,0.6315527427436693,4.559196743273765e+17,0.7157603809987437,0.6277752172154348,3.893653996882642e+17,0.7647753503137267,0.7532300592697888,0.0,1.0734229635307104,0.0007598434421395502,0.0008364048293528057,0.0,0.001130015528710635,0.0007167021512378169,0.0007923304358137051,0.0014582173935101543,0.0018077188553094197,0.00026424260517489846,0.0002983642649291643,0.0007291086967550771,0.0008309301298305562,0.00045469294431731063,0.0004939837013836172,0.0007291086967550771,0.0009911433107923852,3013957512393834.0,3427493981291881.5,1.2460384609478464e+16,1.3269997720212128e+16,2211,532.0,2.3305300457368467,0.625,0.0,0.057957037681638596,0.0007312046882041839,950.0,9.499999999999999e-05,7968.797875,0.0,83882082.89473686,0.0,2.134163613995829e+22,0.0,1.2368980099513828e+21,1.5605104399485346e+19,2.010473813000691e+22,1.5605104399485346e+19,1.5040333283324,1.4506777761107998,1.500940998581768,0.8295890471550786,4844.693141383928,287.48503494039517,5132.178176324323,0.9219026421199662,2836.619698675677,0.9219026421199662,50996769.909304515,3026158.262530476,54022928.17183499,9704.238338104908,29859154.722901862,9704.238338104908,408769780.4085074,11898394.6279106,0.0,0.0,0.0,0.3559658235999212,0.6440341764000789,0.036076336663313245,0.6079578397367656
13,24733.2312,0.507,0.027712812921102045,1.5268989834767863,1.7561501056418565,auto_peak_offset|aicc,54,-2.314331485506439e+20,50.04983107266199,0.9998316550771592,312.96167214589656,1.3497914053003057,1.3681099103855894,0.7247089381458699,0.6434009722397195,7.428436988197596e+17,0.7303560187163688,0.6377538916692206,5.885729003488508e+17,0.5631525460042491,1.2066703467405009,0.0,1.3316133507042909,0.0005295716815990984,0.001160264078466865,0.0,0.0012754053856449958,0.0004975404172484027,0.0010897071556939509,0.0014741330839352883,0.0018994937486390628,0.00017870898416363546,0.00038834753301299874,0.0007370665419676441,0.0008520667783138957,0.0003202176508570196,0.0007014674516257105,0.0007370665419676441,0.0010667066217563278,3658561339240725.5,7626841952404731.0,2.030208138954732e+16,2.1993824087405796e+16,2211,532.0,2.3305300457368467,0.625,0.0,0.056377878364936324,0.000711281504722365,950.0,9.499999999999999e-05,15458.269499999999,0.0,162718626.31578946,0.0,4.1399564676800765e+22,0.0,2.334019621709988e+21,2.944674465816572e+19,3.906554505509078e+22,2.944674465816572e+19,1.504906850814782,1.450968950271594,1.501865946418698,0.8286640993181487,9419.197454150753,542.5915367620337,9961.788990912788,2.212244568723067,5496.4805090872105,2.212244568723067,99149446.88579741,5711489.860652987,104860936.74645041,23286.78493392702,57857689.56933907,23286.78493392702,486130925.0493946,14394503.074190762,0.0,0.0,0.0,0.3555689405652561,0.6444310594347439,0.03510040608116152,0.6093306533535823
14,42564.1654,0.507,0.027712812921102045,1.545937624168517,1.766156658950357,auto_peak_offset|aicc,51,-2.2532479050576688e+20,49.3244290078313,0.9999078779734119,321.44578942167243,1.3662893929866784,1.3851044967269819,0.7343083252462679,0.650796171480714,1.080001487669334e+18,0.7418309987138548,0.643273498013127,7.987776739703192e+17,0.4407694117950789,0.41862759053300314,0.0,0.6078871062373733,0.00040071765849915725,0.00041737944820233555,0.0,0.0005786019751217008,0.00037560322361932565,0.00039288542292543896,0.0015140955428474382,0.0016087019767536213,0.00013285999068593065,0.00014209326599550024,0.0007570477714237191,0.0007816416068659301,0.00024381075640255012,0.0002508054354590695,0.0007570477714237191,0.000833947468136343,4224556381052959.0,4547411299374843.0,2.9516676887416464e+16,3.0162228707748412e+16,2211,532.0,2.3305300457368467,0.625,0.0,0.05381812237742858,0.000678986797235661,950.0,9.499999999999999e-05,26602.603375,0.0,280027403.94736844,0.0,7.124576259940291e+22,0.0,3.83431317044789e+21,4.837493216398082e+19,6.7411449428955026e+22,4.837493216398082e+19,1.5071001647947966,1.4517000549315988,1.504118634902456,0.8264114108343907,16277.44273562746,891.8151962544498,17169.257931881908,1.7819943857289426,9433.34544311809,1.7819943857289426,171341502.48028907,9387528.381625788,180729030.86191484,18757.83563925203,99298373.0854536,18757.83563925203,573861891.6438063,16027153.451838968,0.0,0.0,-8388608.0,0.3546023413626935,0.6453976586373066,0.03352360608031844,0.6118740525569881
15,57327.4119,0.507,0.027712812921102045,1.542092008187998,1.766156658950357,auto_peak_offset|aicc,52,-2.177026075442775e+20,47.79631318482752,0.9998825001018263,332.70021878662186,1.3703148797066909,1.389788736067212,0.7381124047033819,0.6516763313638302,1.2636751250339901e+18,0.7465374850177049,0.6432512510495072,9.118269473492247e+17,0.510049522940441,0.42473077647790564,0.0,0.6637369571895905,0.0004392508771112251,0.00040502348692988597,0.0,0.0005974825169055779,0.0004102532434836216,0.00038016995563597267,0.0015671069117921652,0.001663929383100096,0.00014184953839202645,0.000134935831748226,0.0007835534558960826,0.000807641621313755,0.00026983744776388287,0.00024524480208516276,0.0007835534558960826,0.0008642414474047233,5201454685203086.0,4993316575658567.0,3.453651540609398e+16,3.528114563987874e+16,2190,532.0,2.3305300457368467,0.625,0.0,0.051493664854716605,0.0006496606911038259,950.0,9.499999999999999e-05,35829.6324375,0.0,377154025.65789473,0.0,9.595713061169491e+22,0.0,4.941184324138885e+21,6.233957578953381e+19,9.101594628755603e+22,6.233957578953381e+19,1.510009659850188,1.4526698866167291,1.5070570247844588,0.823473020952388,22019.5078553962,1150.0279157279494,23169.535771124152,2.611039843107848,12660.096666375845,2.611039843107848,231784293.21469688,12105557.007662626,243889850.2223595,27484.62992745103,133264175.43553522,27484.62992745103,658214713.4209447,18377510.4083469,0.0,0.0,0.0,0.3533415166471409,0.6466584833528591,0.03209711731578657,0.6145613660370725
16,71323.7366,0.507,0.027712812921102045,1.5498024682289382,1.766156658950357,auto_peak_offset|aicc,50,-2.1257498861585777e+20,46.78204049841099,0.999909260505564,340.7254335611713,1.3735883614241955,1.3935319556176278,0.7410264965895852,0.6525054590280426,1.4156285031388954e+18,0.7501625670160307,0.6433693886015971,1.0020809482563677e+18,0.46849160866841916,0.36684429361253856,0.0,0.5950286742240289,0.0003945204421479992,0.0003391741326122808,0.0,0.0005202744194230058,0.00036783195877077365,0.0003177158851076188,0.0016049078173271233,0.0016768938057195432,0.00012564361452527026,0.00011125245974627951,0.0008024539086635617,0.0008198144321735255,0.00024345659972676979,0.00020648552341534426,0.0008024539086635617,0.0008636200917417664,5136378500721676.0,4576016301912572.0,3.868943263752865e+16,3.92962403686652e+16,2167,532.0,2.3305300457368467,0.625,0.0,0.04922026477534767,0.00062097874215175,950.0,9.499999999999999e-05,44577.335375,0.0,469235109.2105264,0.0,1.1938479135563986e+23,0.0,5.876151040674231e+21,7.413541756807435e+19,1.1350864031496562e+23,7.413541756807435e+19,1.5120843383565652,1.453361446118855,1.5091939820522509,0.8213360636845959,27498.900544855263,1368.286302591805,28867.18684744707,2.930013845632645,15710.148527552934,2.930013845632645,289462110.9984765,14403013.711492686,303865124.70996916,30842.251006659422,165369984.5005572,30842.251006659422,729116612.5964848,20239906.35989349,0.0,5.960464477539063e-08,16777216.0,0.3524245761976062,0.6475754238023939,0.030694663354848516,0.6168807604475453
17,84265.5436,0.507,0.027712812921102045,1.5498024682289382,1.761139168441975,auto_peak_offset|aicc,49,-2.0738336194868386e+20,45.661315168330646,0.9998934846573517,349.2551402379214,1.3742448299467223,1.3946876912678596,0.7427123804457174,0.6519753108221422,1.5166959370623885e+18,0.7522967246859996,0.64239096658186,1.0649767670878309e+18,0.525803040141183,0.46980130866312486,0.0,0.7051114143476158,0.0004271441172021078,0.00042602378322633116,0.0,0.0006032813280177367,0.0003971735667313072,0.0003988099830901602,0.001645085014497131,0.0017387066887906849,0.00013318771371307147,0.00013934782759277955,0.0008225425072485655,0.0008448271778119466,0.0002654521613303044,0.0002599146321437068,0.0008225425072485655,0.0009025500773852301,5699884685186320.0,6035259839876046.0,4.145162561232539e+16,4.227470062180964e+16,2145,532.0,2.3305300457368467,0.625,0.0,0.047199189608732955,0.000595480205715856,950.0,9.499999999999999e-05,52665.96475,0.0,554378576.3157895,0.0,1.4104735422899272e+23,0.0,6.65732081606435e+21,8.39909075119578e+19,1.3439003341292838e+23,8.39909075119578e+19,1.5142894381084224,1.454096479369474,1.5114483792357922,0.8190816665010545,32605.160988541433,1550.968947603208,34156.12993614464,4.071111413675381,18509.834813855356,4.071111413675381,343212220.9320151,16325988.922139034,359538209.85415417,42853.8043544777,194840366.46163535,42853.8043544777,801807327.1145935,22349384.058463182,0.0,0.0,0.0,0.3514572438142863,0.6485427561857138,0.029449169970881588,0.6190935862148321
18,96728.0245,0.507,0.027712812921102045,1.5498024682289382,1.766156658950357,auto_peak_offset|aicc,50,-2.0183356552911844e+20,44.42042844499887,0.9999228760489958,358.85857226235146,1.3736590665881916,1.3946640431267274,0.7439480502268272,0.6507159928999002,1.5997897998650755e+18,0.7538865248491115,0.640777518277616,1.1196807125202634e+18,0.4548980646858496,0.3242688359456566,0.0,0.5586434705789396,0.00036362911337856345,0.00028822054873314486,0.0,0.00046400131121421983,0.00033771817151642474,0.0002692440745622805,0.0016903197449018702,0.0017446279761211042,0.00011236929338977633,9.251262495692186e-05,0.0008451598724509351,0.0008576016871920312,0.00022667943709259332,0.00017673782686546848,0.0008451598724509351,0.0008927009782939774,4941217294017415.0,4125718698113246.0,4.372259665683914e+16,4.4193920866328424e+16,2130,532.0,2.3305300457368467,0.625,0.0,0.045637200399040095,0.000575773645844291,950.0,9.499999999999999e-05,60455.0153125,0.0,636368582.2368422,0.0,1.619076001014748e+23,0.0,7.389009591958649e+21,9.322212920032564e+19,1.5451859050951613e+23,9.322212920032564e+19,1.5167721173348685,1.4549240391116227,1.5139495441946988,0.8165805015421479,37550.13201113814,1722.4116078843942,39272.54361902254,3.747973316640762,21182.471693477462,3.747973316640762,395264547.4856647,18130648.504046258,413395195.9897109,39452.35070148171,222973386.2471312,39452.35070148171,869920794.4331735,24031906.777369786,0.0,0.0,0.0,0.3503840266019693,0.6496159733980307,0.028490797644844187,0.6211251757531865
19,108615.314,0.507,0.027712812921102045,1.5498024682289382,1.766156658950357,auto_peak_offset|aicc,50,-1.9808656865422914e+20,43.57897826568735,0.9998857565166337,365.64672533062645,1.3731298903753755,1.3945321961320492,0.7447639134902383,0.6497682826418109,1.656479632219038e+18,0.7549396208885484,0.6395925752435008,1.1573508758219484e+18,0.5641331190701951,0.4114655831718137,0.0,0.6982478801735009,0.00044337204642542826,0.0003577767602936428,0.0,0.000569721845954398,0.0004112370441586375,0.00033369527895522037,0.0017222937593175912,0.00180187797563255,0.000135591511303433,0.0001134074658692072,0.0008611468796587956,0.0008791019620035576,0.00027733231315137206,0.00022029244685632727,0.0008611468796587956,0.0009311368977792248,6047067747665683.0,5094976331025462.0,4.5271940455456616e+16,4.59573106780736e+16,2126,532.0,2.3305300457368467,0.625,0.0,0.043950419712684353,0.000554492676437078,950.0,9.499999999999999e-05,67884.57125,0.0,714574434.2105263,0.0,1.8180506543900433e+23,0.0,7.990408931936284e+21,1.0080957732509162e+20,1.7381465650706805e+23,1.0080957732509162e+20,1.518526990651582,1.4555089968838606,1.515757323376039,0.8147727223608077,42288.21013123654,1863.3493840140268,44151.55951525057,5.204433405824177,23733.011734749423,5.204433405824177,445139054.0130163,19614204.042252917,464753258.0552692,54783.50953499134,249821176.1552571,54783.50953499134,941310178.306687,26116491.12778048,0.0,1.1920928955078125e-07,0.0,0.34960833216943127,0.6503916678305687,0.027448790641275898,0.6229428771892928
20,119639.816,0.507,0.027712812921102045,1.5498024682289382,1.766156658950357,auto_peak_offset|aicc,50,-1.938919676732635e+20,42.61489958612918,0.9998685569222137,373.55701749571136,1.3718014503946705,1.3936667672487053,0.7453587526164783,0.648308014632227,1.7044778820649347e+18,0.7557280498399355,0.6379387174087698,1.1919756523416253e+18,0.618206667689039,0.5788913462608026,0.0,0.8469325089703609,0.00047772585510866565,0.0004285844300641771,0.0,0.0006417995063356946,0.0004425031452803211,0.00039537758930032087,0.0017595533486602433,0.0018569223081446853,0.00014452469413695716,0.0001250942156434928,0.0008797766743301217,0.0009003015865243217,0.0002998584608201702,0.000271703470831549,0.0008797766743301217,0.0009683722782498067,6452076578676907.0,5474631552905268.0,4.658374118807819e+16,4.734602228165562e+16,2126,532.0,2.3305300457368467,0.625,0.0,0.04284267764461834,0.000540517045074755,950.0,9.499999999999999e-05,74774.88500000001,0.0,787104052.6315792,0.0,2.0025835930456767e+23,0.0,8.579604333325749e+21,1.0824305662282349e+20,1.916787549712419e+23,1.0824305662282349e+20,1.5205719593652058,1.456190653121735,1.5178136918154774,0.8127163539213693,46697.254868685006,2001.6857283430409,48698.94059702805,6.915051539465592,26075.94440297196,6.915051539465592,491550051.2493159,21070376.087821484,512620427.3371374,72790.01620490098,274483625.2944417,72790.01620490098,1005112507.5267353,27920718.892441757,0.0,0.0,0.0,0.3487259713334491,0.6512740286665508,0.026769492568835655,0.6245045360977152
21,129993.262,0.507,0.027712812921102045,1.5536866849412914,1.766156658950357,auto_peak_offset|aicc,49,-1.9154571855289064e+20,42.04099269348099,0.999904641769932,378.13272835121876,1.3699039549309746,1.3920371006919827,0.7451383080050822,0.6468987926869005,1.7027006843409093e+18,0.755488949578213,0.6365481511137697,1.196648330406279e+18,0.5386357042529262,0.427926503685119,0.0,0.6879313297504454,0.0004164320255355594,0.00035660198691440806,0.0,0.0005482523223507152,0.00038569302245133224,0.00033167616927990405,0.0017811061691969405,0.0018523248567104086,0.00012581149287798984,0.00011068677730093315,0.0008905530845984702,0.000906181488939884,0.0002614238089905138,0.00022120811882996727,0.0008905530845984702,0.0009541279978237991,5494214275247816.0,4860338836496905.0,4.653516904107255e+16,4.710977862173727e+16,2142,532.0,2.3305300457368467,0.625,0.0,0.04136368415228658,0.000521857585953381,950.0,9.499999999999999e-05,81245.78875,0.0,855218828.9473686,0.0,2.1758841027278748e+23,0.0,9.000258277721729e+21,1.1355016251639072e+20,2.0858815199506576e+23,1.1355016251639072e+20,1.5217548721257996,1.4565849573752665,1.519059204355827,0.8114708413810197,50856.29657498043,2100.396020165092,52956.69259514552,6.14441552429541,28289.096154854487,6.14441552429541,535329437.631373,22109431.791211497,557438869.4225844,64678.058150478006,297779959.5247841,64678.058150478006,1091557862.5528855,30201804.846836634,0.0,1.1920928955078125e-07,0.0,0.34819153817193366,0.6518084618280663,0.025852367888607543,0.6259560939394588
